{"cameraMode":{"drawMode":0,"name":"Shaded","section":"Shading Mode"},"sceneLighting":false,"audioPlay":false,"sceneViewState":{"m_AlwaysRefresh":false,"showFog":true,"showSkybox":false,"showFlares":true,"showImageEffects":true,"showParticleSystems":true,"showVisualEffectGraphs":true,"m_FxEnabled":true},"in2DMode":false,"pivot":{"x":5.6387739181518559,"y":6.198376178741455,"z":3.5082790851593019},"rotation":{"x":-0.09317097812891007,"y":0.012539411894977093,"z":-0.001288925064727664,"w":-0.9956346750259399},"size":0.7319876551628113,"orthographic":false}