{"cameraMode":{"drawMode":0,"name":"Shaded","section":"Shading Mode"},"sceneLighting":true,"audioPlay":false,"sceneViewState":{"m_AlwaysRefresh":false,"showFog":true,"showSkybox":false,"showFlares":true,"showImageEffects":true,"showParticleSystems":true,"showVisualEffectGraphs":true,"m_FxEnabled":true},"in2DMode":false,"pivot":{"x":0.5435829162597656,"y":0.5744767189025879,"z":0.06204068660736084},"rotation":{"x":-0.027258580550551416,"y":0.0590406134724617,"z":-0.0016127371927723289,"w":-0.9978830814361572},"size":2.1268768310546877,"orthographic":false}