{"cameraMode":{"drawMode":0,"name":"Shaded","section":"Shading Mode"},"sceneLighting":false,"audioPlay":false,"sceneViewState":{"m_AlwaysRefresh":false,"showFog":true,"showSkybox":false,"showFlares":true,"showImageEffects":true,"showParticleSystems":true,"showVisualEffectGraphs":true,"m_FxEnabled":true},"in2DMode":false,"pivot":{"x":6.481024742126465,"y":16.695287704467775,"z":3.736952781677246},"rotation":{"x":-0.04518934339284897,"y":-0.06977557390928269,"z":0.0031115079764276745,"w":-0.9965776801109314},"size":1.5088125467300416,"orthographic":false}