{"cameraMode":{"drawMode":0,"name":"Shaded","section":"Shading Mode"},"sceneLighting":false,"audioPlay":false,"sceneViewState":{"m_AlwaysRefresh":false,"showFog":false,"showSkybox":false,"showFlares":false,"showImageEffects":false,"showParticleSystems":false,"showVisualEffectGraphs":true,"m_FxEnabled":true},"in2DMode":false,"pivot":{"x":-0.017132680863142015,"y":1.0966907739639283,"z":0.11164769530296326},"rotation":{"x":0.04529774934053421,"y":0.005987504497170448,"z":-0.00020586875325534493,"w":0.9990371465682983},"size":0.9531381130218506,"orthographic":true}