{"cameraMode":{"drawMode":0,"name":"Shaded","section":"Shading Mode"},"sceneLighting":true,"audioPlay":false,"sceneViewState":{"m_AlwaysRefresh":false,"showFog":true,"showSkybox":true,"showFlares":true,"showImageEffects":true,"showParticleSystems":true,"showVisualEffectGraphs":true,"m_FxEnabled":true},"in2DMode":false,"pivot":{"x":401.9145202636719,"y":313.48406982421877,"z":46.89080047607422},"rotation":{"x":-0.008099166676402092,"y":-0.014099376276135445,"z":-0.00011507976159919053,"w":0.999870777130127},"size":299.4955139160156,"orthographic":false}