{"cameraMode":{"drawMode":0,"name":"Shaded","section":"Shading Mode"},"sceneLighting":true,"audioPlay":false,"sceneViewState":{"m_AlwaysRefresh":false,"showFog":true,"showSkybox":true,"showFlares":true,"showImageEffects":true,"showParticleSystems":true,"showVisualEffectGraphs":true,"m_FxEnabled":true},"in2DMode":false,"pivot":{"x":5.457162857055664,"y":15.892324447631836,"z":3.7868757247924806},"rotation":{"x":-0.008099166676402092,"y":-0.014099376276135445,"z":-0.00011507976159919053,"w":0.999870777130127},"size":12.448263168334961,"orthographic":false}