{"cameraMode":{"drawMode":0,"name":"Shaded","section":"Shading Mode"},"sceneLighting":true,"audioPlay":false,"sceneViewState":{"m_AlwaysRefresh":false,"showFog":true,"showSkybox":true,"showFlares":true,"showImageEffects":true,"showParticleSystems":true,"showVisualEffectGraphs":true,"m_FxEnabled":true},"in2DMode":false,"pivot":{"x":0.46846532821655276,"y":2.1226091384887697,"z":-4.633458614349365},"rotation":{"x":-0.027881929650902749,"y":0.39162999391555788,"z":-0.011873754672706128,"w":-0.9196257591247559},"size":2.5657460689544679,"orthographic":false}