{"cameraMode":{"drawMode":0,"name":"Shaded","section":"Shading Mode"},"sceneLighting":true,"audioPlay":false,"sceneViewState":{"m_AlwaysRefresh":false,"showFog":true,"showSkybox":true,"showFlares":true,"showImageEffects":true,"showParticleSystems":true,"showVisualEffectGraphs":true,"m_FxEnabled":true},"in2DMode":false,"pivot":{"x":-10.578319549560547,"y":6.758053302764893,"z":25.028297424316408},"rotation":{"x":0.02817537821829319,"y":0.02908116765320301,"z":0.00082251220010221,"w":-0.9991869926452637},"size":22.645355224609376,"orthographic":false}