{"cameraMode":{"drawMode":0,"name":"Shaded","section":"Shading Mode"},"sceneLighting":true,"audioPlay":false,"sceneViewState":{"m_AlwaysRefresh":false,"showFog":true,"showSkybox":true,"showFlares":true,"showImageEffects":true,"showParticleSystems":true,"showVisualEffectGraphs":true,"m_FxEnabled":true},"in2DMode":false,"pivot":{"x":5.1003546714782719,"y":71.33808898925781,"z":100.12190246582031},"rotation":{"x":-0.05128953233361244,"y":0.0020910711027681829,"z":-0.0001839758624555543,"w":-0.9987508058547974},"size":57.001792907714847,"orthographic":false}