{"cameraMode":{"drawMode":0,"name":"Shaded","section":"Shading Mode"},"sceneLighting":false,"audioPlay":false,"sceneViewState":{"m_AlwaysRefresh":false,"showFog":true,"showSkybox":false,"showFlares":true,"showImageEffects":true,"showParticleSystems":true,"showVisualEffectGraphs":true,"m_FxEnabled":true},"in2DMode":false,"pivot":{"x":7.347367763519287,"y":32.00648880004883,"z":2.1160855293273927},"rotation":{"x":-0.008288940414786339,"y":0.6720578074455261,"z":0.007520562503486872,"w":0.7404253482818604},"size":12.12435531616211,"orthographic":false}