{"cameraMode":{"drawMode":0,"name":"Shaded","section":"Shading Mode"},"sceneLighting":true,"audioPlay":false,"sceneViewState":{"m_AlwaysRefresh":false,"showFog":true,"showSkybox":true,"showFlares":true,"showImageEffects":true,"showParticleSystems":true,"showVisualEffectGraphs":true,"m_FxEnabled":true},"in2DMode":false,"pivot":{"x":24.872390747070314,"y":259.7862243652344,"z":-223.65225219726563},"rotation":{"x":-0.38529711961746218,"y":-0.21746809780597688,"z":-0.09395357221364975,"w":0.8918805122375488},"size":59.864234924316409,"orthographic":false}