{"cameraMode":{"drawMode":0,"name":"Shaded","section":"Shading Mode"},"sceneLighting":true,"audioPlay":false,"sceneViewState":{"m_AlwaysRefresh":false,"showFog":true,"showSkybox":true,"showFlares":true,"showImageEffects":true,"showParticleSystems":true,"showVisualEffectGraphs":true,"m_FxEnabled":true},"in2DMode":false,"pivot":{"x":1.0856287479400635,"y":8.75733470916748,"z":15.886619567871094},"rotation":{"x":0.05686132609844208,"y":-0.10529830306768418,"z":0.006020675413310528,"w":0.9928141832351685},"size":11.126461029052735,"orthographic":false}