{"cameraMode":{"drawMode":0,"name":"Shaded","section":"Shading Mode"},"sceneLighting":true,"audioPlay":false,"sceneViewState":{"m_AlwaysRefresh":false,"showFog":true,"showSkybox":true,"showFlares":true,"showImageEffects":true,"showParticleSystems":true,"showVisualEffectGraphs":true,"m_FxEnabled":true},"in2DMode":false,"pivot":{"x":1.2224537134170533,"y":0.3138836622238159,"z":1.8428277969360352},"rotation":{"x":0.16850316524505616,"y":-0.4744760990142822,"z":0.09307477623224259,"w":0.8589695692062378},"size":1.1785410642623902,"orthographic":false}