{"cameraMode":{"drawMode":0,"name":"Shaded","section":"Shading Mode"},"sceneLighting":true,"audioPlay":false,"sceneViewState":{"m_AlwaysRefresh":false,"showFog":true,"showSkybox":true,"showFlares":true,"showImageEffects":true,"showParticleSystems":true,"showVisualEffectGraphs":true,"m_FxEnabled":true},"in2DMode":false,"pivot":{"x":1.4862568378448487,"y":1.2194494009017945,"z":1.7389098405838013},"rotation":{"x":0.014822481200098992,"y":-0.22373175621032716,"z":0.0033996545244008304,"w":0.9745377898216248},"size":0.8660253882408142,"orthographic":false}