{"cameraMode":{"drawMode":0,"name":"Shaded","section":"Shading Mode"},"sceneLighting":true,"audioPlay":false,"sceneViewState":{"m_AlwaysRefresh":false,"showFog":true,"showSkybox":true,"showFlares":true,"showImageEffects":true,"showParticleSystems":true,"showVisualEffectGraphs":true,"m_FxEnabled":true},"in2DMode":false,"pivot":{"x":-1.8017778396606446,"y":-0.7908427715301514,"z":10.036693572998047},"rotation":{"x":-0.11458215862512589,"y":0.12836910784244538,"z":-0.014932829886674881,"w":-0.9849728345870972},"size":13.225287437438965,"orthographic":false}