{"cameraMode":{"drawMode":0,"name":"Shaded","section":"Shading Mode"},"sceneLighting":true,"audioPlay":false,"sceneViewState":{"m_AlwaysRefresh":false,"showFog":true,"showSkybox":true,"showFlares":true,"showImageEffects":true,"showParticleSystems":true,"showVisualEffectGraphs":true,"m_FxEnabled":true},"in2DMode":false,"pivot":{"x":7.316322326660156,"y":104.36939239501953,"z":-36.531986236572269},"rotation":{"x":-0.7009029984474182,"y":0.04117050766944885,"z":0.04057459533214569,"w":0.7109369039535523},"size":25.786468505859376,"orthographic":false}