{"cameraMode":{"drawMode":0,"name":"Shaded","section":"Shading Mode"},"sceneLighting":true,"audioPlay":false,"sceneViewState":{"m_AlwaysRefresh":false,"showFog":true,"showSkybox":true,"showFlares":true,"showImageEffects":true,"showParticleSystems":true,"showVisualEffectGraphs":true,"m_FxEnabled":true},"in2DMode":false,"pivot":{"x":593.8906860351563,"y":716.4074096679688,"z":0.854766845703125},"rotation":{"x":-0.09447728097438812,"y":-0.045027971267700198,"z":0.004296361468732357,"w":-0.9945597052574158},"size":408.2901611328125,"orthographic":false}