{"cameraMode":{"drawMode":0,"name":"Shaded","section":"Shading Mode"},"sceneLighting":true,"audioPlay":false,"sceneViewState":{"m_AlwaysRefresh":false,"showFog":true,"showSkybox":false,"showFlares":true,"showImageEffects":true,"showParticleSystems":true,"showVisualEffectGraphs":true,"m_FxEnabled":true},"in2DMode":false,"pivot":{"x":256.94805908203127,"y":-1.965907096862793,"z":40.02680587768555},"rotation":{"x":0.11789169162511826,"y":0.07440425455570221,"z":-0.008858359418809414,"w":0.9902021288871765},"size":24.641695022583009,"orthographic":false}