{"cameraMode":{"drawMode":0,"name":"Shaded","section":"Shading Mode"},"sceneLighting":false,"audioPlay":false,"sceneViewState":{"m_AlwaysRefresh":false,"showFog":true,"showSkybox":false,"showFlares":true,"showImageEffects":true,"showParticleSystems":true,"showVisualEffectGraphs":true,"m_FxEnabled":true},"in2DMode":false,"pivot":{"x":39.613189697265628,"y":44.244773864746097,"z":1595.1453857421875},"rotation":{"x":0.05246203392744064,"y":-0.24962136149406434,"z":0.013541828840970993,"w":0.9668322801589966},"size":7.015323638916016,"orthographic":false}