{"cameraMode":{"drawMode":0,"name":"Shaded","section":"Shading Mode"},"sceneLighting":false,"audioPlay":false,"sceneViewState":{"m_AlwaysRefresh":false,"showFog":true,"showSkybox":false,"showFlares":true,"showImageEffects":true,"showParticleSystems":true,"showVisualEffectGraphs":true,"m_FxEnabled":true},"in2DMode":false,"pivot":{"x":1.7267639636993409,"y":6.308417320251465,"z":1.4457058906555176},"rotation":{"x":-0.11107849329710007,"y":0.005065498407930136,"z":-0.0005661679315380752,"w":-0.9937988519668579},"size":4.800964832305908,"orthographic":false}