{"cameraMode":{"drawMode":0,"name":"Shaded","section":"Shading Mode"},"sceneLighting":false,"audioPlay":false,"sceneViewState":{"m_AlwaysRefresh":false,"showFog":true,"showSkybox":false,"showFlares":true,"showImageEffects":true,"showParticleSystems":true,"showVisualEffectGraphs":true,"m_FxEnabled":true},"in2DMode":false,"pivot":{"x":0.5033201575279236,"y":1.6786322593688965,"z":-0.05227923393249512},"rotation":{"x":0.007186585571616888,"y":-0.027898764237761499,"z":-0.00023238897847477347,"w":-0.9996166229248047},"size":4.164487361907959,"orthographic":false}