{"cameraMode":{"drawMode":0,"name":"Shaded","section":"Shading Mode"},"sceneLighting":false,"audioPlay":false,"sceneViewState":{"m_AlwaysRefresh":false,"showFog":true,"showSkybox":false,"showFlares":true,"showImageEffects":true,"showParticleSystems":true,"showVisualEffectGraphs":true,"m_FxEnabled":true},"in2DMode":false,"pivot":{"x":-4.69639778137207,"y":10.758419036865235,"z":-0.0010692477226257325},"rotation":{"x":0.0007462736684828997,"y":-0.9992539882659912,"z":0.025796253234148027,"w":0.029092682525515558},"size":1.2611924409866334,"orthographic":true}