{"cameraMode":{"drawMode":0,"name":"Shaded","section":"Shading Mode"},"sceneLighting":true,"audioPlay":false,"sceneViewState":{"m_AlwaysRefresh":false,"showFog":true,"showSkybox":false,"showFlares":true,"showImageEffects":true,"showParticleSystems":true,"showVisualEffectGraphs":true,"m_FxEnabled":true},"in2DMode":false,"pivot":{"x":-1.3524116277694703,"y":-0.3169458508491516,"z":0.07770431041717529},"rotation":{"x":0.031169770285487176,"y":0.03207601606845856,"z":0.0010017188033089042,"w":-0.9990018010139465},"size":3.206724166870117,"orthographic":false}