{"cameraMode":{"drawMode":0,"name":"Shaded","section":"Shading Mode"},"sceneLighting":false,"audioPlay":false,"sceneViewState":{"m_AlwaysRefresh":false,"showFog":true,"showSkybox":false,"showFlares":true,"showImageEffects":true,"showParticleSystems":true,"showVisualEffectGraphs":true,"m_FxEnabled":true},"in2DMode":false,"pivot":{"x":-0.015494823455810547,"y":0.9838845133781433,"z":-0.05023694038391113},"rotation":{"x":-0.0017780977068468929,"y":0.18551592528820039,"z":-0.0003357814275659621,"w":-0.9826390147209168},"size":2.528709650039673,"orthographic":false}