{"cameraMode":{"drawMode":0,"name":"Shaded","section":"Shading Mode"},"sceneLighting":true,"audioPlay":false,"sceneViewState":{"m_AlwaysRefresh":false,"showFog":true,"showSkybox":false,"showFlares":true,"showImageEffects":true,"showParticleSystems":true,"showVisualEffectGraphs":true,"m_FxEnabled":true},"in2DMode":false,"pivot":{"x":0.006376504898071289,"y":0.4170268774032593,"z":-0.20775794982910157},"rotation":{"x":-0.12404379993677139,"y":-0.04791010916233063,"z":0.005997263826429844,"w":-0.9911041259765625},"size":2.6761209964752199,"orthographic":false}