{"cameraMode":{"drawMode":0,"name":"Shaded","section":"Shading Mode"},"sceneLighting":true,"audioPlay":false,"sceneViewState":{"m_AlwaysRefresh":false,"showFog":true,"showSkybox":false,"showFlares":true,"showImageEffects":true,"showParticleSystems":true,"showVisualEffectGraphs":true,"m_FxEnabled":true},"in2DMode":false,"pivot":{"x":39.613189697265628,"y":44.244773864746097,"z":1595.1453857421875},"rotation":{"x":-0.01680712401866913,"y":0.011101510375738144,"z":-0.0003017096605617553,"w":-0.9998613595962524},"size":7.015323638916016,"orthographic":false}