{"cameraMode":{"drawMode":0,"name":"Shaded","section":"Shading Mode"},"sceneLighting":true,"audioPlay":false,"sceneViewState":{"m_AlwaysRefresh":false,"showFog":true,"showSkybox":false,"showFlares":true,"showImageEffects":true,"showParticleSystems":true,"showVisualEffectGraphs":true,"m_FxEnabled":true},"in2DMode":false,"pivot":{"x":275.9720458984375,"y":21.208391189575197,"z":22.672000885009767},"rotation":{"x":-0.08989395946264267,"y":-0.08148320019245148,"z":0.007311551831662655,"w":-0.9926261305809021},"size":125.96129608154297,"orthographic":false}