{"cameraMode":{"drawMode":0,"name":"Shaded","section":"Shading Mode"},"sceneLighting":false,"audioPlay":false,"sceneViewState":{"m_AlwaysRefresh":false,"showFog":true,"showSkybox":false,"showFlares":true,"showImageEffects":true,"showParticleSystems":true,"showVisualEffectGraphs":true,"m_FxEnabled":true},"in2DMode":false,"pivot":{"x":0.1346055418252945,"y":0.4678601622581482,"z":0.10728999972343445},"rotation":{"x":-0.11107849329710007,"y":0.005065498407930136,"z":-0.0005661679315380752,"w":-0.9937988519668579},"size":0.8576317429542542,"orthographic":false}