{"cameraMode":{"drawMode":0,"name":"Shaded","section":"Shading Mode"},"sceneLighting":false,"audioPlay":false,"sceneViewState":{"m_AlwaysRefresh":false,"showFog":true,"showSkybox":false,"showFlares":true,"showImageEffects":true,"showParticleSystems":true,"showVisualEffectGraphs":true,"m_FxEnabled":true},"in2DMode":false,"pivot":{"x":0.6549054980278015,"y":1.1421563625335694,"z":0.4650235176086426},"rotation":{"x":-0.1537860482931137,"y":0.07166587561368942,"z":-0.011184056289494038,"w":-0.9854397773742676},"size":2.685265302658081,"orthographic":false}