{"cameraMode":{"drawMode":0,"name":"Shaded","section":"Shading Mode"},"sceneLighting":true,"audioPlay":false,"sceneViewState":{"m_AlwaysRefresh":false,"showFog":true,"showSkybox":false,"showFlares":true,"showImageEffects":true,"showParticleSystems":true,"showVisualEffectGraphs":true,"m_FxEnabled":true},"in2DMode":false,"pivot":{"x":-5.789000034332275,"y":-0.36183422803878786,"z":0.09466615319252014},"rotation":{"x":-0.18932944536209107,"y":-0.5337265133857727,"z":0.1240198090672493,"w":-0.8148137927055359},"size":0.2598077058792114,"orthographic":false}