{"cameraMode":{"drawMode":0,"name":"Shaded","section":"Shading Mode"},"sceneLighting":true,"audioPlay":false,"sceneViewState":{"m_AlwaysRefresh":false,"showFog":true,"showSkybox":false,"showFlares":true,"showImageEffects":true,"showParticleSystems":true,"showVisualEffectGraphs":true,"m_FxEnabled":true},"in2DMode":false,"pivot":{"x":263.8309020996094,"y":40.71202850341797,"z":17.139062881469728},"rotation":{"x":0.0644446462392807,"y":-0.01945900358259678,"z":0.0012704080436378718,"w":0.9977715611457825},"size":51.85804748535156,"orthographic":false}