{"cameraMode":{"drawMode":0,"name":"Shaded","section":"Shading Mode"},"sceneLighting":true,"audioPlay":false,"sceneViewState":{"m_AlwaysRefresh":false,"showFog":true,"showSkybox":false,"showFlares":true,"showImageEffects":true,"showParticleSystems":true,"showVisualEffectGraphs":true,"m_FxEnabled":true},"in2DMode":false,"pivot":{"x":259.2187194824219,"y":15.8136568069458,"z":14.282368659973145},"rotation":{"x":-0.0044983006082475189,"y":0.029995424672961236,"z":0.0001537820789963007,"w":0.9995790719985962},"size":45.39620590209961,"orthographic":false}