{"cameraMode":{"drawMode":0,"name":"Shaded","section":"Shading Mode"},"sceneLighting":true,"audioPlay":false,"sceneViewState":{"m_AlwaysRefresh":false,"showFog":true,"showSkybox":false,"showFlares":true,"showImageEffects":true,"showParticleSystems":true,"showVisualEffectGraphs":true,"m_FxEnabled":true},"in2DMode":false,"pivot":{"x":252.31118774414063,"y":34.62505340576172,"z":2.5202064514160158},"rotation":{"x":0.3249996602535248,"y":-0.05103503167629242,"z":0.017575763165950776,"w":0.9442161321640015},"size":46.98994827270508,"orthographic":false}