{"cameraMode":{"drawMode":0,"name":"Shaded","section":"Shading Mode"},"sceneLighting":true,"audioPlay":false,"sceneViewState":{"m_AlwaysRefresh":false,"showFog":true,"showSkybox":false,"showFlares":true,"showImageEffects":true,"showParticleSystems":true,"showVisualEffectGraphs":true,"m_FxEnabled":true},"in2DMode":false,"pivot":{"x":108.67701721191406,"y":2.0062832832336427,"z":21.33138656616211},"rotation":{"x":0.5010814070701599,"y":0.06386446952819824,"z":0.03576432541012764,"w":-0.8625578284263611},"size":34.032196044921878,"orthographic":false}