{"cameraMode":{"drawMode":0,"name":"Shaded","section":"Shading Mode"},"sceneLighting":false,"audioPlay":false,"sceneViewState":{"m_AlwaysRefresh":false,"showFog":true,"showSkybox":false,"showFlares":true,"showImageEffects":true,"showParticleSystems":true,"showVisualEffectGraphs":true,"m_FxEnabled":true},"in2DMode":false,"pivot":{"x":-0.003443896770477295,"y":0.6078779697418213,"z":-0.01881462335586548},"rotation":{"x":0.002628025133162737,"y":0.779013454914093,"z":0.0032636031974107029,"w":-0.6269977688789368},"size":1.6826332807540894,"orthographic":false}