{"cameraMode":{"drawMode":0,"name":"Shaded","section":"Shading Mode"},"sceneLighting":true,"audioPlay":false,"sceneViewState":{"m_AlwaysRefresh":false,"showFog":true,"showSkybox":true,"showFlares":true,"showImageEffects":true,"showParticleSystems":true,"showVisualEffectGraphs":true,"m_FxEnabled":true},"in2DMode":false,"pivot":{"x":0.6375048756599426,"y":-0.5420742630958557,"z":3.7426040172576906},"rotation":{"x":-0.05805479735136032,"y":0.11863099783658982,"z":0.0069328597746789459,"w":0.9912524223327637},"size":6.059375762939453,"orthographic":false}