{"cameraMode":{"drawMode":0,"name":"Shaded","section":"Shading Mode"},"sceneLighting":true,"audioPlay":false,"sceneViewState":{"m_AlwaysRefresh":false,"showFog":true,"showSkybox":true,"showFlares":true,"showImageEffects":true,"showParticleSystems":true,"showVisualEffectGraphs":true,"m_FxEnabled":true},"in2DMode":false,"pivot":{"x":0.4127383232116699,"y":2.75390887260437,"z":8.786928176879883},"rotation":{"x":0.06145006790757179,"y":0.020070577040314676,"z":-0.0012381497072055936,"w":0.9979179501533508},"size":16.07045555114746,"orthographic":false}