{"cameraMode":{"drawMode":0,"name":"Shaded","section":"Shading Mode"},"sceneLighting":true,"audioPlay":false,"sceneViewState":{"m_AlwaysRefresh":false,"showFog":true,"showSkybox":true,"showFlares":true,"showImageEffects":true,"showParticleSystems":true,"showVisualEffectGraphs":true,"m_FxEnabled":true},"in2DMode":false,"pivot":{"x":1.4021497964859009,"y":-0.7936810255050659,"z":-5.593003749847412},"rotation":{"x":-0.13056935369968415,"y":0.12486615031957627,"z":-0.016577959060668947,"w":-0.9834082126617432},"size":0.8660253882408142,"orthographic":false}