{"cameraMode":{"drawMode":0,"name":"Shaded","section":"Shading Mode"},"sceneLighting":false,"audioPlay":false,"sceneViewState":{"m_AlwaysRefresh":false,"showFog":true,"showSkybox":false,"showFlares":true,"showImageEffects":true,"showParticleSystems":true,"showVisualEffectGraphs":true,"m_FxEnabled":true},"in2DMode":false,"pivot":{"x":0.3375244140625,"y":1.8000001907348633,"z":-2.384185791015625e-7},"rotation":{"x":-0.11107849329710007,"y":0.005065498407930136,"z":-0.0005661679315380752,"w":-0.9937988519668579},"size":5.820684432983398,"orthographic":false}