{"cameraMode":{"drawMode":0,"name":"Shaded","section":"Shading Mode"},"sceneLighting":false,"audioPlay":false,"sceneViewState":{"m_AlwaysRefresh":false,"showFog":true,"showSkybox":false,"showFlares":true,"showImageEffects":true,"showParticleSystems":true,"showVisualEffectGraphs":true,"m_FxEnabled":true},"in2DMode":false,"pivot":{"x":0.03474447876214981,"y":0.26859456300735476,"z":0.042154982686042789},"rotation":{"x":-0.09317097812891007,"y":0.012539411894977093,"z":-0.001288925064727664,"w":-0.9956346750259399},"size":0.8495795726776123,"orthographic":false}