{"cameraMode":{"drawMode":0,"name":"Shaded","section":"Shading Mode"},"sceneLighting":true,"audioPlay":false,"sceneViewState":{"m_AlwaysRefresh":false,"showFog":true,"showSkybox":false,"showFlares":true,"showImageEffects":true,"showParticleSystems":true,"showVisualEffectGraphs":true,"m_FxEnabled":true},"in2DMode":false,"pivot":{"x":-55.38704299926758,"y":22.448701858520509,"z":26.619054794311525},"rotation":{"x":-0.04378785192966461,"y":0.02007937803864479,"z":-0.0009403536096215248,"w":-0.9988878965377808},"size":41.44239044189453,"orthographic":false}