{"cameraMode":{"drawMode":0,"name":"Shaded","section":"Shading Mode"},"sceneLighting":false,"audioPlay":false,"sceneViewState":{"m_AlwaysRefresh":false,"showFog":true,"showSkybox":false,"showFlares":true,"showImageEffects":true,"showParticleSystems":true,"showVisualEffectGraphs":true,"m_FxEnabled":true},"in2DMode":false,"pivot":{"x":0.09483204782009125,"y":-0.0013902410864830018,"z":0.1015179306268692},"rotation":{"x":-0.05425548553466797,"y":-0.03234977647662163,"z":0.0017549785552546383,"w":-0.9980155825614929},"size":1.192184567451477,"orthographic":false}