{"cameraMode":{"drawMode":0,"name":"Shaded","section":"Shading Mode"},"sceneLighting":true,"audioPlay":false,"sceneViewState":{"m_AlwaysRefresh":false,"showFog":true,"showSkybox":false,"showFlares":true,"showImageEffects":true,"showParticleSystems":true,"showVisualEffectGraphs":true,"m_FxEnabled":true},"in2DMode":false,"pivot":{"x":-39.314125061035159,"y":55.49896240234375,"z":56.272010803222659},"rotation":{"x":0.33082252740859988,"y":-0.4469510018825531,"z":0.18230870366096497,"w":0.8109970688819885},"size":56.222679138183597,"orthographic":false}