{"cameraMode":{"drawMode":0,"name":"Shaded","section":"Shading Mode"},"sceneLighting":true,"audioPlay":false,"sceneViewState":{"m_AlwaysRefresh":false,"showFog":true,"showSkybox":false,"showFlares":true,"showImageEffects":true,"showParticleSystems":true,"showVisualEffectGraphs":true,"m_FxEnabled":true},"in2DMode":false,"pivot":{"x":-42.32489776611328,"y":89.94389343261719,"z":37.991920471191409},"rotation":{"x":0.012290180660784245,"y":-0.06115574389696121,"z":0.000712543842382729,"w":0.9981264472007752},"size":27.800392150878908,"orthographic":false}