{"cameraMode":{"drawMode":0,"name":"Shaded","section":"Shading Mode"},"sceneLighting":true,"audioPlay":false,"sceneViewState":{"m_AlwaysRefresh":false,"showFog":true,"showSkybox":false,"showFlares":true,"showImageEffects":true,"showParticleSystems":true,"showVisualEffectGraphs":true,"m_FxEnabled":true},"in2DMode":false,"pivot":{"x":-39.314125061035159,"y":55.49896240234375,"z":56.272010803222659},"rotation":{"x":0.25792330503463747,"y":-0.23030801117420197,"z":0.06342209130525589,"w":0.9362550973892212},"size":56.222679138183597,"orthographic":false}