{"cameraMode":{"drawMode":0,"name":"Shaded","section":"Shading Mode"},"sceneLighting":false,"audioPlay":false,"sceneViewState":{"m_AlwaysRefresh":false,"showFog":true,"showSkybox":false,"showFlares":true,"showImageEffects":true,"showParticleSystems":true,"showVisualEffectGraphs":true,"m_FxEnabled":true},"in2DMode":false,"pivot":{"x":2.0447912216186525,"y":1.9726474285125733,"z":0.3513944149017334},"rotation":{"x":-0.027258580550551416,"y":0.0590406134724617,"z":-0.0016127371927723289,"w":-0.9978830814361572},"size":4.907866477966309,"orthographic":false}