{"cameraMode":{"drawMode":0,"name":"Shaded","section":"Shading Mode"},"sceneLighting":true,"audioPlay":false,"sceneViewState":{"m_AlwaysRefresh":false,"showFog":true,"showSkybox":false,"showFlares":true,"showImageEffects":true,"showParticleSystems":true,"showVisualEffectGraphs":true,"m_FxEnabled":true},"in2DMode":false,"pivot":{"x":0.0238492488861084,"y":0.0015044212341308594,"z":-0.0030663013458251955},"rotation":{"x":-0.12933236360549928,"y":0.1955714225769043,"z":-0.026025179773569108,"w":-0.9717826843261719},"size":2.9653677940368654,"orthographic":false}