{"cameraMode":{"drawMode":0,"name":"Shaded","section":"Shading Mode"},"sceneLighting":true,"audioPlay":false,"sceneViewState":{"m_AlwaysRefresh":false,"showFog":true,"showSkybox":false,"showFlares":true,"showImageEffects":true,"showParticleSystems":true,"showVisualEffectGraphs":true,"m_FxEnabled":true},"in2DMode":false,"pivot":{"x":80.63406372070313,"y":10.432674407958985,"z":66.00306701660156},"rotation":{"x":0.07635880261659622,"y":-0.08431690186262131,"z":0.006480226293206215,"w":0.9934936761856079},"size":87.9685287475586,"orthographic":false}