{"cameraMode":{"drawMode":0,"name":"Shaded","section":"Shading Mode"},"sceneLighting":false,"audioPlay":false,"sceneViewState":{"m_AlwaysRefresh":false,"showFog":true,"showSkybox":false,"showFlares":true,"showImageEffects":true,"showParticleSystems":true,"showVisualEffectGraphs":true,"m_FxEnabled":true},"in2DMode":false,"pivot":{"x":0.1772828847169876,"y":0.007433388382196426,"z":-1.639409065246582},"rotation":{"x":0.0816565752029419,"y":0.15122544765472413,"z":-0.012539931572973729,"w":0.9850459098815918},"size":9.836681365966797,"orthographic":false}