{"cameraMode":{"drawMode":0,"name":"Shaded","section":"Shading Mode"},"sceneLighting":true,"audioPlay":false,"sceneViewState":{"m_AlwaysRefresh":false,"showFog":true,"showSkybox":false,"showFlares":true,"showImageEffects":true,"showParticleSystems":true,"showVisualEffectGraphs":true,"m_FxEnabled":true},"in2DMode":false,"pivot":{"x":-16.556106567382814,"y":313.12158203125,"z":21.25664710998535},"rotation":{"x":-0.058673568069934848,"y":0.058965638279914859,"z":-0.0035159680992364885,"w":-0.9965766072273254},"size":33.834686279296878,"orthographic":false}