{"cameraMode":{"drawMode":0,"name":"Shaded","section":"Shading Mode"},"sceneLighting":true,"audioPlay":false,"sceneViewState":{"m_AlwaysRefresh":false,"showFog":true,"showSkybox":false,"showFlares":true,"showImageEffects":true,"showParticleSystems":true,"showVisualEffectGraphs":true,"m_FxEnabled":true},"in2DMode":false,"pivot":{"x":-54.35585021972656,"y":25.349855422973634,"z":34.908470153808597},"rotation":{"x":0.012290180660784245,"y":-0.06115574389696121,"z":0.000712543842382729,"w":0.9981264472007752},"size":51.48479080200195,"orthographic":false}