{"cameraMode":{"drawMode":0,"name":"Shaded","section":"Shading Mode"},"sceneLighting":false,"audioPlay":false,"sceneViewState":{"m_AlwaysRefresh":false,"showFog":true,"showSkybox":false,"showFlares":true,"showImageEffects":true,"showParticleSystems":true,"showVisualEffectGraphs":true,"m_FxEnabled":true},"in2DMode":false,"pivot":{"x":7.729583263397217,"y":-2.3940815925598146,"z":0.7860660552978516},"rotation":{"x":-0.027258580550551416,"y":0.0590406134724617,"z":-0.0016127371927723289,"w":-0.9978830814361572},"size":11.690351486206055,"orthographic":false}