{"cameraMode":{"drawMode":0,"name":"Shaded","section":"Shading Mode"},"sceneLighting":false,"audioPlay":false,"sceneViewState":{"m_AlwaysRefresh":false,"showFog":true,"showSkybox":false,"showFlares":true,"showImageEffects":true,"showParticleSystems":true,"showVisualEffectGraphs":true,"m_FxEnabled":true},"in2DMode":false,"pivot":{"x":-1.0800000429153443,"y":5.909999847412109,"z":-8.199999809265137},"rotation":{"x":0.05246203392744064,"y":-0.24962136149406434,"z":0.013541828840970993,"w":0.9668322801589966},"size":1.3671143054962159,"orthographic":false}