{"cameraMode":{"drawMode":0,"name":"Shaded","section":"Shading Mode"},"sceneLighting":false,"audioPlay":false,"sceneViewState":{"m_AlwaysRefresh":false,"showFog":true,"showSkybox":false,"showFlares":true,"showImageEffects":true,"showParticleSystems":true,"showVisualEffectGraphs":true,"m_FxEnabled":true},"in2DMode":false,"pivot":{"x":0.7616405487060547,"y":4.0947136878967289,"z":1.741363763809204},"rotation":{"x":0.05246203392744064,"y":-0.24962136149406434,"z":0.013541828840970993,"w":0.9668322801589966},"size":17.24155616760254,"orthographic":false}