{"cameraMode":{"drawMode":0,"name":"Shaded","section":"Shading Mode"},"sceneLighting":false,"audioPlay":false,"sceneViewState":{"m_AlwaysRefresh":false,"showFog":true,"showSkybox":false,"showFlares":true,"showImageEffects":true,"showParticleSystems":true,"showVisualEffectGraphs":true,"m_FxEnabled":true},"in2DMode":false,"pivot":{"x":3.7616868019104006,"y":276.5150451660156,"z":20.984054565429689},"rotation":{"x":-0.07224894315004349,"y":-0.006883899215608835,"z":0.00045055494410917163,"w":-0.9974151849746704},"size":33.31163787841797,"orthographic":false}