{"cameraMode":{"drawMode":0,"name":"Shaded","section":"Shading Mode"},"sceneLighting":false,"audioPlay":false,"sceneViewState":{"m_AlwaysRefresh":false,"showFog":true,"showSkybox":false,"showFlares":true,"showImageEffects":true,"showParticleSystems":true,"showVisualEffectGraphs":true,"m_FxEnabled":true},"in2DMode":false,"pivot":{"x":0.004653811454772949,"y":-0.0009238123893737793,"z":0.0010524988174438477},"rotation":{"x":-0.027258580550551416,"y":0.0590406134724617,"z":-0.0016127371927723289,"w":-0.9978830814361572},"size":1.7029980421066285,"orthographic":false}