{"cameraMode":{"drawMode":0,"name":"Shaded","section":"Shading Mode"},"sceneLighting":true,"audioPlay":false,"sceneViewState":{"m_AlwaysRefresh":false,"showFog":true,"showSkybox":false,"showFlares":true,"showImageEffects":true,"showParticleSystems":true,"showVisualEffectGraphs":true,"m_FxEnabled":true},"in2DMode":false,"pivot":{"x":-5.789000034332275,"y":-0.36183422803878786,"z":0.09466615319252014},"rotation":{"x":-0.027279388159513475,"y":-0.04437196999788284,"z":0.0012121860636398197,"w":-0.9986436367034912},"size":0.2598077058792114,"orthographic":false}