{"cameraMode":{"drawMode":0,"name":"Shaded","section":"Shading Mode"},"sceneLighting":false,"audioPlay":false,"sceneViewState":{"m_AlwaysRefresh":false,"showFog":true,"showSkybox":false,"showFlares":true,"showImageEffects":true,"showParticleSystems":true,"showVisualEffectGraphs":true,"m_FxEnabled":true},"in2DMode":false,"pivot":{"x":-5.796674728393555,"y":0.08622096478939057,"z":0.05783107876777649},"rotation":{"x":-0.04307333379983902,"y":0.06919058412313461,"z":0.002993817673996091,"w":0.9966762065887451},"size":1.700340986251831,"orthographic":true}