{"cameraMode":{"drawMode":0,"name":"Shaded","section":"Shading Mode"},"sceneLighting":false,"audioPlay":false,"sceneViewState":{"m_AlwaysRefresh":false,"showFog":true,"showSkybox":false,"showFlares":true,"showImageEffects":true,"showParticleSystems":true,"showVisualEffectGraphs":true,"m_FxEnabled":true},"in2DMode":false,"pivot":{"x":-5.789000034332275,"y":-0.36183422803878786,"z":0.09466615319252014},"rotation":{"x":-0.07969438284635544,"y":-0.027810247614979745,"z":0.0022230835165828468,"w":-0.9964320659637451},"size":0.28371649980545046,"orthographic":false}