{"cameraMode":{"drawMode":0,"name":"Shaded","section":"Shading Mode"},"sceneLighting":true,"audioPlay":false,"sceneViewState":{"m_AlwaysRefresh":false,"showFog":true,"showSkybox":false,"showFlares":true,"showImageEffects":true,"showParticleSystems":true,"showVisualEffectGraphs":true,"m_FxEnabled":true},"in2DMode":false,"pivot":{"x":185.35433959960938,"y":20.818479537963868,"z":3.7117252349853517},"rotation":{"x":0.14665621519088746,"y":-0.016979800537228586,"z":0.0025177733041346075,"w":0.9890446066856384},"size":75.94631958007813,"orthographic":false}