{"cameraMode":{"drawMode":0,"name":"Shaded","section":"Shading Mode"},"sceneLighting":true,"audioPlay":false,"sceneViewState":{"m_AlwaysRefresh":false,"showFog":true,"showSkybox":false,"showFlares":true,"showImageEffects":true,"showParticleSystems":true,"showVisualEffectGraphs":true,"m_FxEnabled":true},"in2DMode":false,"pivot":{"x":-56.461181640625,"y":22.45615005493164,"z":26.844724655151368},"rotation":{"x":-0.004810299724340439,"y":-0.012898897752165795,"z":0.0000032858201848284809,"w":-0.9999536275863648},"size":46.191898345947269,"orthographic":false}