{"cameraMode":{"drawMode":0,"name":"Shaded","section":"Shading Mode"},"sceneLighting":true,"audioPlay":false,"sceneViewState":{"m_AlwaysRefresh":false,"showFog":true,"showSkybox":false,"showFlares":true,"showImageEffects":true,"showParticleSystems":true,"showVisualEffectGraphs":true,"m_FxEnabled":true},"in2DMode":false,"pivot":{"x":-1.501244306564331,"y":-0.32486313581466677,"z":-0.9967951774597168},"rotation":{"x":0.00897559430450201,"y":-0.07343104481697083,"z":0.0006608274998143315,"w":0.9972612261772156},"size":2.670459747314453,"orthographic":false}