{"cameraMode":{"drawMode":0,"name":"Shaded","section":"Shading Mode"},"sceneLighting":true,"audioPlay":false,"sceneViewState":{"m_AlwaysRefresh":false,"showFog":true,"showSkybox":false,"showFlares":true,"showImageEffects":true,"showParticleSystems":true,"showVisualEffectGraphs":true,"m_FxEnabled":true},"in2DMode":false,"pivot":{"x":-23.073293685913087,"y":314.0525207519531,"z":36.39939880371094},"rotation":{"x":0.022188197821378709,"y":-0.00689567718654871,"z":-0.00021830647892784327,"w":-0.9997740983963013},"size":44.76658630371094,"orthographic":false}