{"cameraMode":{"drawMode":0,"name":"Shaded","section":"Shading Mode"},"sceneLighting":false,"audioPlay":false,"sceneViewState":{"m_AlwaysRefresh":false,"showFog":true,"showSkybox":false,"showFlares":true,"showImageEffects":true,"showParticleSystems":true,"showVisualEffectGraphs":true,"m_FxEnabled":true},"in2DMode":false,"pivot":{"x":10.592044830322266,"y":257.3733825683594,"z":26.66042709350586},"rotation":{"x":0.05246203392744064,"y":-0.24962136149406434,"z":0.013541828840970993,"w":0.9668322801589966},"size":67.62271118164063,"orthographic":false}