{"cameraMode":{"drawMode":0,"name":"Shaded","section":"Shading Mode"},"sceneLighting":false,"audioPlay":false,"sceneViewState":{"m_AlwaysRefresh":false,"showFog":true,"showSkybox":false,"showFlares":true,"showImageEffects":true,"showParticleSystems":true,"showVisualEffectGraphs":true,"m_FxEnabled":true},"in2DMode":false,"pivot":{"x":0.7548450231552124,"y":0.9439496994018555,"z":0.12134170532226563},"rotation":{"x":0.35195964574813845,"y":0.3570686876773834,"z":-0.1474158614873886,"w":0.8526073098182678},"size":1.5205068588256837,"orthographic":false}