{"cameraMode":{"drawMode":0,"name":"Shaded","section":"Shading Mode"},"sceneLighting":true,"audioPlay":false,"sceneViewState":{"m_AlwaysRefresh":false,"showFog":true,"showSkybox":true,"showFlares":true,"showImageEffects":true,"showParticleSystems":true,"showVisualEffectGraphs":true,"m_FxEnabled":true},"in2DMode":false,"pivot":{"x":7.49820613861084,"y":25.226642608642579,"z":-1.7572276592254639},"rotation":{"x":-0.036303889006376269,"y":0.0065970588475465778,"z":-0.0002663646009750664,"w":-0.9993950724601746},"size":20.57840919494629,"orthographic":true}