{"cameraMode":{"drawMode":0,"name":"Shaded","section":"Shading Mode"},"sceneLighting":true,"audioPlay":false,"sceneViewState":{"m_AlwaysRefresh":false,"showFog":true,"showSkybox":true,"showFlares":true,"showImageEffects":true,"showParticleSystems":true,"showVisualEffectGraphs":true,"m_FxEnabled":true},"in2DMode":false,"pivot":{"x":47.56526184082031,"y":105.45329284667969,"z":301.5436706542969},"rotation":{"x":-0.006309915333986282,"y":0.0021006979513913395,"z":-0.000053561994718620554,"w":-1.0000193119049073},"size":207.1942138671875,"orthographic":false}