{"cameraMode":{"drawMode":0,"name":"Shaded","section":"Shading Mode"},"sceneLighting":true,"audioPlay":false,"sceneViewState":{"m_AlwaysRefresh":false,"showFog":true,"showSkybox":true,"showFlares":true,"showImageEffects":true,"showParticleSystems":true,"showVisualEffectGraphs":true,"m_FxEnabled":true},"in2DMode":false,"pivot":{"x":4.783726215362549,"y":8.676488876342774,"z":3.0057754516601564},"rotation":{"x":0.012311043217778206,"y":0.01049132365733385,"z":-0.0000507314398419112,"w":0.9999585747718811},"size":4.0117316246032719,"orthographic":true}