{"cameraMode":{"drawMode":0,"name":"Shaded","section":"Shading Mode"},"sceneLighting":true,"audioPlay":false,"sceneViewState":{"m_AlwaysRefresh":false,"showFog":true,"showSkybox":true,"showFlares":true,"showImageEffects":true,"showParticleSystems":true,"showVisualEffectGraphs":true,"m_FxEnabled":true},"in2DMode":false,"pivot":{"x":3.7874834537506105,"y":3.607666492462158,"z":3.432420492172241},"rotation":{"x":-0.10048902779817581,"y":-0.05459742993116379,"z":0.005518653895705938,"w":-0.9934396147727966},"size":5.324177265167236,"orthographic":false}