{"cameraMode":{"drawMode":0,"name":"Shaded","section":"Shading Mode"},"sceneLighting":true,"audioPlay":false,"sceneViewState":{"m_AlwaysRefresh":false,"showFog":true,"showSkybox":true,"showFlares":true,"showImageEffects":true,"showParticleSystems":true,"showVisualEffectGraphs":true,"m_FxEnabled":true},"in2DMode":false,"pivot":{"x":5.176001071929932,"y":24.918899536132814,"z":-11.195107460021973},"rotation":{"x":-0.04379125311970711,"y":0.018583204597234727,"z":-0.0008418896468356252,"w":-0.9989430904388428},"size":60.746246337890628,"orthographic":true}