{"cameraMode":{"drawMode":0,"name":"Shaded","section":"Shading Mode"},"sceneLighting":true,"audioPlay":false,"sceneViewState":{"m_AlwaysRefresh":false,"showFog":true,"showSkybox":true,"showFlares":true,"showImageEffects":true,"showParticleSystems":true,"showVisualEffectGraphs":true,"m_FxEnabled":true},"in2DMode":false,"pivot":{"x":-1.3417694568634034,"y":36.92104721069336,"z":12.905326843261719},"rotation":{"x":0.013165774755179882,"y":0.07104445993900299,"z":0.0008258178131654859,"w":-0.9974489212036133},"size":43.12306213378906,"orthographic":false}