{"cameraMode":{"drawMode":0,"name":"Shaded","section":"Shading Mode"},"sceneLighting":true,"audioPlay":false,"sceneViewState":{"m_AlwaysRefresh":false,"showFog":true,"showSkybox":true,"showFlares":true,"showImageEffects":true,"showParticleSystems":true,"showVisualEffectGraphs":true,"m_FxEnabled":true},"in2DMode":false,"pivot":{"x":-2.116610050201416,"y":0.992037296295166,"z":1.9193379878997803},"rotation":{"x":-0.1006394773721695,"y":0.0020867364946752788,"z":-0.00021245560492388904,"w":-0.9949265718460083},"size":3.633800506591797,"orthographic":false}