{"cameraMode":{"drawMode":0,"name":"Shaded","section":"Shading Mode"},"sceneLighting":true,"audioPlay":false,"sceneViewState":{"m_AlwaysRefresh":false,"showFog":true,"showSkybox":true,"showFlares":true,"showImageEffects":true,"showParticleSystems":true,"showVisualEffectGraphs":true,"m_FxEnabled":true},"in2DMode":false,"pivot":{"x":4.776376724243164,"y":7.71702766418457,"z":3.702242136001587},"rotation":{"x":0.058764949440956119,"y":-0.022467242553830148,"z":0.001383181195706129,"w":0.9981043338775635},"size":4.742611885070801,"orthographic":true}