{"cameraMode":{"drawMode":0,"name":"Shaded","section":"Shading Mode"},"sceneLighting":true,"audioPlay":false,"sceneViewState":{"m_AlwaysRefresh":false,"showFog":true,"showSkybox":true,"showFlares":true,"showImageEffects":true,"showParticleSystems":true,"showVisualEffectGraphs":true,"m_FxEnabled":true},"in2DMode":false,"pivot":{"x":-1.7546582221984864,"y":-0.6560342907905579,"z":-10.534223556518555},"rotation":{"x":0.0007462736684828997,"y":-0.9992539882659912,"z":0.025796253234148027,"w":0.029092682525515558},"size":5.957475662231445,"orthographic":true}