{"cameraMode":{"drawMode":0,"name":"Shaded","section":"Shading Mode"},"sceneLighting":true,"audioPlay":false,"sceneViewState":{"m_AlwaysRefresh":false,"showFog":true,"showSkybox":true,"showFlares":true,"showImageEffects":true,"showParticleSystems":true,"showVisualEffectGraphs":true,"m_FxEnabled":true},"in2DMode":false,"pivot":{"x":4.1957902908325199,"y":4.782752990722656,"z":0.054129600524902347},"rotation":{"x":-0.09465742111206055,"y":-0.020325075834989549,"z":0.0017941001569852234,"w":-0.9953636527061462},"size":8.897472381591797,"orthographic":false}