{"cameraMode":{"drawMode":0,"name":"Shaded","section":"Shading Mode"},"sceneLighting":true,"audioPlay":false,"sceneViewState":{"m_AlwaysRefresh":false,"showFog":true,"showSkybox":true,"showFlares":true,"showImageEffects":true,"showParticleSystems":true,"showVisualEffectGraphs":true,"m_FxEnabled":true},"in2DMode":false,"pivot":{"x":1.1748064756393433,"y":-1.044551968574524,"z":6.424600601196289},"rotation":{"x":-0.027258580550551416,"y":0.0590406134724617,"z":-0.0016127371927723289,"w":-0.9978830814361572},"size":4.55372428894043,"orthographic":false}