{"cameraMode":{"drawMode":0,"name":"Shaded","section":"Shading Mode"},"sceneLighting":true,"audioPlay":false,"sceneViewState":{"m_AlwaysRefresh":false,"showFog":true,"showSkybox":true,"showFlares":true,"showImageEffects":true,"showParticleSystems":true,"showVisualEffectGraphs":true,"m_FxEnabled":true},"in2DMode":false,"pivot":{"x":-23.01096534729004,"y":0.7972259521484375,"z":1069.868408203125},"rotation":{"x":-0.07075128704309464,"y":0.005083743017166853,"z":-0.00038167822640389204,"w":-0.997505247592926},"size":592.3441162109375,"orthographic":false}