{"cameraMode":{"drawMode":0,"name":"Shaded","section":"Shading Mode"},"sceneLighting":true,"audioPlay":false,"sceneViewState":{"m_AlwaysRefresh":false,"showFog":true,"showSkybox":true,"showFlares":true,"showImageEffects":true,"showParticleSystems":true,"showVisualEffectGraphs":true,"m_FxEnabled":true},"in2DMode":false,"pivot":{"x":3.0858678817749025,"y":6.719643592834473,"z":-12.769515037536621},"rotation":{"x":-0.20284730195999146,"y":0.022587228566408159,"z":-0.004821145441383123,"w":-0.9790018200874329},"size":1.7508656978607178,"orthographic":false}