{"cameraMode":{"drawMode":0,"name":"Shaded","section":"Shading Mode"},"sceneLighting":true,"audioPlay":false,"sceneViewState":{"m_AlwaysRefresh":false,"showFog":true,"showSkybox":true,"showFlares":true,"showImageEffects":true,"showParticleSystems":true,"showVisualEffectGraphs":true,"m_FxEnabled":true},"in2DMode":false,"pivot":{"x":5.393817901611328,"y":0.7092806100845337,"z":3.0267117023468019},"rotation":{"x":-0.02916763909161091,"y":0.9347646832466126,"z":-0.07899665087461472,"w":-0.34513959288597109},"size":0.9575066566467285,"orthographic":false}