{"cameraMode":{"drawMode":0,"name":"Shaded","section":"Shading Mode"},"sceneLighting":true,"audioPlay":false,"sceneViewState":{"m_AlwaysRefresh":false,"showFog":true,"showSkybox":true,"showFlares":true,"showImageEffects":true,"showParticleSystems":true,"showVisualEffectGraphs":true,"m_FxEnabled":true},"in2DMode":false,"pivot":{"x":889.4940795898438,"y":1.6351920366287232,"z":-86.21248626708985},"rotation":{"x":0.0018868944607675076,"y":-0.9977565407752991,"z":0.05874551832675934,"w":0.03204508125782013},"size":5.803802013397217,"orthographic":false}