{"cameraMode":{"drawMode":0,"name":"Shaded","section":"Shading Mode"},"sceneLighting":true,"audioPlay":false,"sceneViewState":{"m_AlwaysRefresh":false,"showFog":true,"showSkybox":true,"showFlares":true,"showImageEffects":true,"showParticleSystems":true,"showVisualEffectGraphs":true,"m_FxEnabled":true},"in2DMode":false,"pivot":{"x":366.156005859375,"y":216.99752807617188,"z":20.438743591308595},"rotation":{"x":-0.01859341375529766,"y":0.02849094197154045,"z":0.0005300267948769033,"w":0.9994217157363892},"size":243.989501953125,"orthographic":true}