{"cameraMode":{"drawMode":0,"name":"Shaded","section":"Shading Mode"},"sceneLighting":true,"audioPlay":false,"sceneViewState":{"m_AlwaysRefresh":false,"showFog":true,"showSkybox":true,"showFlares":true,"showImageEffects":true,"showParticleSystems":true,"showVisualEffectGraphs":true,"m_FxEnabled":true},"in2DMode":false,"pivot":{"x":5.026818752288818,"y":5.995080947875977,"z":2.738293409347534},"rotation":{"x":0.012311043217778206,"y":0.01049132365733385,"z":-0.0000507314398419112,"w":0.9999585747718811},"size":3.692599058151245,"orthographic":true}