{"cameraMode":{"drawMode":0,"name":"Shaded","section":"Shading Mode"},"sceneLighting":false,"audioPlay":false,"sceneViewState":{"m_AlwaysRefresh":false,"showFog":true,"showSkybox":false,"showFlares":true,"showImageEffects":true,"showParticleSystems":true,"showVisualEffectGraphs":true,"m_FxEnabled":true},"in2DMode":false,"pivot":{"x":272.3265380859375,"y":27.897422790527345,"z":8.388022422790528},"rotation":{"x":0.07765360921621323,"y":0.10977429151535034,"z":-0.008605691604316235,"w":0.9908905625343323},"size":63.977970123291019,"orthographic":false}