{"cameraMode":{"drawMode":0,"name":"Shaded","section":"Shading Mode"},"sceneLighting":false,"audioPlay":false,"sceneViewState":{"m_AlwaysRefresh":false,"showFog":true,"showSkybox":false,"showFlares":true,"showImageEffects":true,"showParticleSystems":true,"showVisualEffectGraphs":true,"m_FxEnabled":true},"in2DMode":false,"pivot":{"x":4.842877388000488e-8,"y":0.002979815937578678,"z":-0.00760466605424881},"rotation":{"x":0.03423534333705902,"y":-0.7209259867668152,"z":-0.03571122884750366,"w":-0.69125896692276},"size":0.034638021141290668,"orthographic":false}