{"cameraMode":{"drawMode":0,"name":"Shaded","section":"Shading Mode"},"sceneLighting":false,"audioPlay":false,"sceneViewState":{"m_AlwaysRefresh":false,"showFog":true,"showSkybox":false,"showFlares":true,"showImageEffects":true,"showParticleSystems":true,"showVisualEffectGraphs":true,"m_FxEnabled":true},"in2DMode":false,"pivot":{"x":-7.937156677246094,"y":9.929943084716797,"z":3.951523780822754},"rotation":{"x":-0.04379125311970711,"y":0.018583204597234727,"z":-0.0008418896468356252,"w":-0.9989430904388428},"size":4.054343223571777,"orthographic":true}