{"cameraMode":{"drawMode":0,"name":"Shaded","section":"Shading Mode"},"sceneLighting":false,"audioPlay":false,"sceneViewState":{"m_AlwaysRefresh":false,"showFog":true,"showSkybox":false,"showFlares":true,"showImageEffects":true,"showParticleSystems":true,"showVisualEffectGraphs":true,"m_FxEnabled":true},"in2DMode":false,"pivot":{"x":49.0868034362793,"y":19.903085708618165,"z":0.72723388671875},"rotation":{"x":0.02120707929134369,"y":0.009830949828028679,"z":-0.00020943937124684453,"w":0.9997397661209106},"size":29.11979103088379,"orthographic":false}