{"cameraMode":{"drawMode":0,"name":"Shaded","section":"Shading Mode"},"sceneLighting":false,"audioPlay":false,"sceneViewState":{"m_AlwaysRefresh":false,"showFog":true,"showSkybox":false,"showFlares":true,"showImageEffects":true,"showParticleSystems":true,"showVisualEffectGraphs":true,"m_FxEnabled":true},"in2DMode":false,"pivot":{"x":-19.79035758972168,"y":315.3721923828125,"z":21.31417465209961},"rotation":{"x":0.04343542084097862,"y":0.10851529985666275,"z":-0.004748721607029438,"w":0.9931402206420898},"size":42.262725830078128,"orthographic":false}