{"cameraMode":{"drawMode":0,"name":"Shaded","section":"Shading Mode"},"sceneLighting":true,"audioPlay":false,"sceneViewState":{"m_AlwaysRefresh":false,"showFog":true,"showSkybox":false,"showFlares":true,"showImageEffects":true,"showParticleSystems":true,"showVisualEffectGraphs":true,"m_FxEnabled":true},"in2DMode":false,"pivot":{"x":-5.8070526123046879,"y":-0.3680909276008606,"z":-0.05411164462566376},"rotation":{"x":-0.28590694069862368,"y":-0.1379518359899521,"z":-0.041633252054452899,"w":0.9473642706871033},"size":0.8660253882408142,"orthographic":false}