{"cameraMode":{"drawMode":0,"name":"Shaded","section":"Shading Mode"},"sceneLighting":false,"audioPlay":false,"sceneViewState":{"m_AlwaysRefresh":false,"showFog":true,"showSkybox":false,"showFlares":true,"showImageEffects":true,"showParticleSystems":true,"showVisualEffectGraphs":true,"m_FxEnabled":true},"in2DMode":false,"pivot":{"x":7.771816253662109,"y":6.9416046142578129,"z":3.6504673957824709},"rotation":{"x":0.03896147757768631,"y":-0.038962241262197497,"z":0.0015128301456570626,"w":0.9984957575798035},"size":1.7064069509506226,"orthographic":false}