{"cameraMode":{"drawMode":0,"name":"Shaded","section":"Shading Mode"},"sceneLighting":true,"audioPlay":false,"sceneViewState":{"m_AlwaysRefresh":false,"showFog":true,"showSkybox":true,"showFlares":true,"showImageEffects":true,"showParticleSystems":true,"showVisualEffectGraphs":true,"m_FxEnabled":true},"in2DMode":false,"pivot":{"x":39.00117111206055,"y":14.317972183227539,"z":-0.2845287322998047},"rotation":{"x":-0.0123046999797225,"y":0.027591794729232789,"z":-0.00033963940222747624,"w":-0.9995434880256653},"size":28.288482666015626,"orthographic":false}