{"cameraMode":{"drawMode":0,"name":"Shaded","section":"Shading Mode"},"sceneLighting":true,"audioPlay":false,"sceneViewState":{"m_AlwaysRefresh":false,"showFog":true,"showSkybox":false,"showFlares":true,"showImageEffects":true,"showParticleSystems":true,"showVisualEffectGraphs":true,"m_FxEnabled":true},"in2DMode":false,"pivot":{"x":-32.80208206176758,"y":70.95970153808594,"z":47.118343353271487},"rotation":{"x":0.29544657468795779,"y":-0.021493446081876756,"z":0.006648225709795952,"w":0.9550986886024475},"size":81.40647888183594,"orthographic":false}