{"cameraMode":{"drawMode":0,"name":"Shaded","section":"Shading Mode"},"sceneLighting":true,"audioPlay":false,"sceneViewState":{"m_AlwaysRefresh":false,"showFog":true,"showSkybox":false,"showFlares":true,"showImageEffects":true,"showParticleSystems":true,"showVisualEffectGraphs":true,"m_FxEnabled":true},"in2DMode":false,"pivot":{"x":-55.10000228881836,"y":26.093360900878908,"z":18.800268173217775},"rotation":{"x":-0.14071741700172425,"y":0.042161621153354648,"z":-0.006025786977261305,"w":-0.9891799688339233},"size":68.98197174072266,"orthographic":false}