{"cameraMode":{"drawMode":0,"name":"Shaded","section":"Shading Mode"},"sceneLighting":true,"audioPlay":false,"sceneViewState":{"m_AlwaysRefresh":false,"showFog":true,"showSkybox":false,"showFlares":true,"showImageEffects":true,"showParticleSystems":true,"showVisualEffectGraphs":true,"m_FxEnabled":true},"in2DMode":false,"pivot":{"x":-55.10000228881836,"y":26.093360900878908,"z":23.229305267333986},"rotation":{"x":-0.045295558869838718,"y":0.00359529466368258,"z":-0.0002158226416213438,"w":-0.9990059733390808},"size":60.503108978271487,"orthographic":false}