{"cameraMode":{"drawMode":0,"name":"Shaded","section":"Shading Mode"},"sceneLighting":false,"audioPlay":false,"sceneViewState":{"m_AlwaysRefresh":false,"showFog":false,"showSkybox":false,"showFlares":false,"showImageEffects":false,"showParticleSystems":false,"showVisualEffectGraphs":true,"m_FxEnabled":true},"in2DMode":false,"pivot":{"x":1.1920928955078126e-7,"y":0.7022597789764404,"z":-0.17928890883922578},"rotation":{"x":-0.009957312606275082,"y":-0.9482671618461609,"z":0.029879318550229074,"w":-0.3159320652484894},"size":0.9451725482940674,"orthographic":false}