{"cameraMode":{"drawMode":0,"name":"Shaded","section":"Shading Mode"},"sceneLighting":false,"audioPlay":false,"sceneViewState":{"m_AlwaysRefresh":false,"showFog":true,"showSkybox":false,"showFlares":true,"showImageEffects":true,"showParticleSystems":true,"showVisualEffectGraphs":true,"m_FxEnabled":true},"in2DMode":false,"pivot":{"x":1.4051296710968018,"y":0.042867839336395267,"z":-0.8992129564285278},"rotation":{"x":-0.023960836231708528,"y":-0.055455684661865237,"z":-0.0013312475057318807,"w":0.998176634311676},"size":2.946638584136963,"orthographic":true}