{"cameraMode":{"drawMode":0,"name":"Shaded","section":"Shading Mode"},"sceneLighting":false,"audioPlay":false,"sceneViewState":{"m_AlwaysRefresh":false,"showFog":true,"showSkybox":false,"showFlares":true,"showImageEffects":true,"showParticleSystems":true,"showVisualEffectGraphs":true,"m_FxEnabled":true},"in2DMode":false,"pivot":{"x":0.39269185066223147,"y":1.34980309009552,"z":0.18384993076324464},"rotation":{"x":-0.04338991269469261,"y":0.06648971140384674,"z":0.0028941165655851366,"w":0.9968398809432983},"size":2.4041800498962404,"orthographic":false}