{"cameraMode":{"drawMode":0,"name":"Shaded","section":"Shading Mode"},"sceneLighting":false,"audioPlay":false,"sceneViewState":{"m_AlwaysRefresh":false,"showFog":true,"showSkybox":false,"showFlares":true,"showImageEffects":true,"showParticleSystems":true,"showVisualEffectGraphs":true,"m_FxEnabled":true},"in2DMode":false,"pivot":{"x":0.47012582421302798,"y":-0.2626207768917084,"z":0.5895881652832031},"rotation":{"x":-0.10808564722537995,"y":0.016992853954434396,"z":-0.0018889139173552394,"w":-0.9940283298492432},"size":3.4398396015167238,"orthographic":false}