{"cameraMode":{"drawMode":0,"name":"Shaded","section":"Shading Mode"},"sceneLighting":false,"audioPlay":false,"sceneViewState":{"m_AlwaysRefresh":false,"showFog":true,"showSkybox":false,"showFlares":true,"showImageEffects":true,"showParticleSystems":true,"showVisualEffectGraphs":true,"m_FxEnabled":true},"in2DMode":false,"pivot":{"x":0.8145695924758911,"y":-0.8385947942733765,"z":-0.10407686233520508},"rotation":{"x":-0.1348600834608078,"y":0.02436676248908043,"z":-0.0033492366783320905,"w":-0.990591287612915},"size":3.825550079345703,"orthographic":false}