{"cameraMode":{"drawMode":0,"name":"Shaded","section":"Shading Mode"},"sceneLighting":true,"audioPlay":false,"sceneViewState":{"m_AlwaysRefresh":false,"showFog":true,"showSkybox":false,"showFlares":true,"showImageEffects":true,"showParticleSystems":true,"showVisualEffectGraphs":true,"m_FxEnabled":true},"in2DMode":false,"pivot":{"x":109.45001220703125,"y":31.86040687561035,"z":30.024368286132814},"rotation":{"x":0.06390289962291718,"y":-0.38453927636146548,"z":0.026703493669629098,"w":0.9205594062805176},"size":124.79423522949219,"orthographic":false}