{"cameraMode":{"drawMode":0,"name":"Shaded","section":"Shading Mode"},"sceneLighting":false,"audioPlay":false,"sceneViewState":{"m_AlwaysRefresh":false,"showFog":true,"showSkybox":false,"showFlares":true,"showImageEffects":true,"showParticleSystems":true,"showVisualEffectGraphs":true,"m_FxEnabled":true},"in2DMode":false,"pivot":{"x":2.0875627994537355,"y":-2.520768165588379,"z":0.13500213623046876},"rotation":{"x":-0.12933236360549928,"y":0.1955714225769043,"z":-0.026025179773569108,"w":-0.9717826843261719},"size":5.017407417297363,"orthographic":false}